customer_id,first_name,last_name,city,state
1,Aarav,Sharma,Pune,Maharashtra
2,Riya,Patil,Mumbai,Maharashtra
3,Aditya,Kulkarni,Nagpur,Maharashtra
4,Sneha,Joshi,Nashik,Maharashtra
5,Rahul,Mehta,Bengaluru,Karnataka
6,Ananya,Rao,Hyderabad,Telangana
7,Vikram,Singh,Delhi,Delhi
8,Ishita,Verma,Jaipur,Rajasthan
9,Karan,Gupta,Ahmedabad,Gujarat
10,Neha,Deshmukh,Pune,Maharashtra
11,Yash,Jadhav,Mumbai,Maharashtra
12,Priya,Nair,Kochi,Kerala
13,Arjun,Iyer,Chennai,Tamil Nadu
14,Meera,Shah,Surat,Gujarat
15,Rohan,Bose,Kolkata,West Bengal
